{"ADBE_mr_profit": 408.91, "ADBE_mr_returns": 595.2977143689038, "ADBE_sma_profit": -131.80110000000008, "ADBE_sma_returns": -1.8464710002801916, "ADBE_bb_profit": -78.47999999999998, "ADBE_bb_returns": -1.1626666666666663, "Highest Returns": 2787.439240506328, "Highest Returns Ticker": "TSLA", "Highest Returns Strategy": "Mean Reversion Strategy", "AMZN_mr_profit": 2306.799999999999, "AMZN_mr_returns": 2431.2816188870142, "AMZN_sma_profit": 1013.2634000000021, "AMZN_sma_returns": 12.990556410256437, "AMZN_bb_profit": 637.6400000000012, "AMZN_bb_returns": 8.17487179487181, "AAPL_mr_profit": 515.7564, "AAPL_mr_returns": 490.02983372921614, "AAPL_sma_profit": 222.96139999999997, "AAPL_sma_returns": 2.313597592611808, "AAPL_bb_profit": -455.3263999999999, "AAPL_bb_returns": -4.724773269689736, "COST_mr_profit": 338.62, "COST_mr_returns": 402.4961369309402, "COST_sma_profit": 76.91720000000038, "COST_sma_returns": 0.8892161849711027, "COST_bb_profit": 128.64, "COST_bb_returns": 1.4871676300578034, "DELL_mr_profit": -29.959999999999994, "DELL_mr_returns": -70.0, "DELL_sma_profit": -9.64, "DELL_sma_returns": -0.1972580315121752, "DELL_bb_profit": 32.55, "DELL_bb_returns": 0.6660527931246163, "FB_mr_profit": 218.0704, "FB_mr_returns": 683.3920401128173, "FB_sma_profit": -24.486000000000217, "FB_sma_returns": -0.9035424354243622, "FB_bb_profit": -44.25040000000001, "FB_bb_returns": -1.474325314853069, "MSFT_mr_profit": 45.643000000000015, "MSFT_mr_returns": 43.99325301204821, "MSFT_sma_profit": -41.66620000000027, "MSFT_sma_returns": -0.463937200757157, "MSFT_bb_profit": 179.04699999999997, "MSFT_bb_returns": 1.952742938161195, "NKE_mr_profit": 153.73999999999998, "NKE_mr_returns": 327.9436860068259, "NKE_sma_profit": -23.48000000000019, "NKE_sma_returns": -0.4963009934474781, "NKE_bb_profit": -80.10000000000001, "NKE_bb_returns": -1.6263959390862945, "TSLA_mr_profit": 440.41539999999986, "TSLA_mr_returns": 2787.439240506328, "TSLA_sma_profit": 442.80529999999965, "TSLA_sma_returns": 24.410435501653783, "TSLA_bb_profit": 496.4046000000002, "TSLA_bb_returns": 27.365192943770683, "WMT_mr_profit": 105.94999999999996, "WMT_mr_returns": 164.74887264811065, "WMT_sma_profit": -43.684999999999874, "WMT_sma_returns": -0.7467521367521346, "WMT_bb_profit": -30.53999999999997, "WMT_bb_returns": -0.4906024096385537}